name,address,phone,category,website
All American Hearing Aid Systems,1105 W Main St,(618) 969-9346,Hearing Aids & Assistive Devices,
All American Access & Mobility,500 S Court St,(618) 364-0314,Wheelchairs,
All American Access & Mobility,102 E Deyoung St,(618) 364-0314,Wheelchair Lifts & Ramps,
All American Hearing,1105 E Main St,(618) 969-9346,Hearing Aids & Assistive Devices,
All American Access & Mobility,500 Saint Andrews Dr,(618) 364-0314,Wheelchair Lifts & Ramps,http://www.allamericanaccessandmobility.com
Rent-All & Sales Inc.,8460 Express Dr,(618) 993-5044,Contractors Equipment & Supplies,http://marionrentall.com
All Nations Church of God,13479 Route 37,(618) 983-8859,Church of God,https://www.ancmarion.org/locations/allnationschurch
All In One Gun Emporium,,(618) 713-9059,Guns & Gunsmiths,
All Time Construction,,(618) 922-3078,Home Builders,
All Addicts Anonymous,,(888) 422-2476,Counseling Services,http://www.alladdictsanonymous.org
Restore All,207 W Pennsylvania Ave,(618) 364-2938,Fire & Water Damage Restoration,http://www.restoreall.webs.com
Restore All,PO Box 281,(618) 364-2938,Fire & Water Damage Restoration,http://www.restoreall.webs.com
All Cities Recovery Agency,1800 Clark St,(618) 985-1800,Repossessing Service,http://www.allcitiesrecovery.com
All Professional Drain Cleaning,PO Box 304,(618) 985-9446,Plumbing-Drain & Sewer Cleaning,
All PRO Drain Cleaning,PO Box 304,(618) 985-9446,Sewer Cleaners & Repairers,
All Pro Drain Cleaning,7164 Pear Ln,(618) 201-0376,Sewer Cleaners & Repairers,
All Pro Drain Cleaning,14250 Laminack Rd,(618) 985-9446,Sewer Cleaners & Repairers,http://www.allprodraincleaning.com
All Tune & Lube,1905 E Main St,(618) 937-8292,Auto Oil & Lube,http://www.alltuneandlube.com
A&W All-American Food,1420 E Main St,(618) 549-2050,Fast Food Restaurants,https://www.awrestaurants.com
All Star Audio,255 Creal Springs Rd,(618) 658-9095,Disc Jockeys,
Equipos Veterinarios Miami/All  Veterinary Supply Inc,,(305) 599-6125,Livestock Equipment & Supplies,http://www.allvetsupply.com
Q9 Powersports Usa,,(888) 252-9250,Motor Scooters,https://q9powersportsusa.com
M & L Engine,,(888) 482-9503,Construction & Building Equipment,http://www.mlengine.com
Fastline Cycles,214 S Maple St,(618) 681-2052,Motorcycle Dealers,
Bill Glodich Honda,209 W Main St,(618) 932-6313,Motorcycle Dealers,http://www.glodichhonda.com
Birdy's Scooters and ATV's,,(888) 791-8149,Amusement Places & Arcades,https://birdysscootersandatvs.com/
Best Western Marion Hotel,400 Comfort Dr,(618) 998-1220,Hotels,http://www.bestwesternillinois.com/marion
Good Life Nutrition Co,1303 Enterprise Way STE 1,(618) 997-8717,Health & Diet Food Products,
Marion Gray Plaza Motel,1501 W Deyoung St,(618) 993-2174,Hotels,https://gray-plaza-motel-marion-il.booked.net
Tondini's Egyptian Roofing,2200 S Court St,(618) 993-3292,Roofing Contractors,
,,,Plumbing-Drain & Sewer Cleaning,
,,,Plumbing-Drain & Sewer Cleaning,
All in 1 Service Inc,101 S Park St,(618) 927-2070,Garbage Collection,https://allin1servicesinc.com
All PRO Auto Parts-Duquoin,1 W Main St,(618) 542-5522,Automobile Body Shop Equipment & Supplies,
All American Trophy & Signs,1 N Hickory St,(618) 542-8922,Signs,
All Star Quality Grooming,598 Ava Rd,(618) 529-1669,,
Martin's Sharp-All Shop,5305 State Route 146 E,(618) 833-8287,Lawn Mowers-Sharpening & Repairing,
All American Hearing Harrisburg,20 Veterans Dr,(618) 297-4216,Hearing Aids & Assistive Devices,http://www.allamericanhearing.com
Above All Roofers,3455 Old Cypress Rd,(618) 658-8850,Sheet Metal Work,
All in One Real Estate Co,603 N Commercial St,(618) 294-8472,Real Estate Agents,https://www.allinonerealestateco.com
A&W All-American Food,7230 State Route 152,(618) 542-2424,Fast Food Restaurants,http://thewrestaurantllc.com/halloween-photos
All In One Gun Emporium,,(618) 713-9059,Guns & Gunsmiths,
All Time Construction,,(618) 922-3078,Home Builders,
All Addicts Anonymous,,(888) 422-2476,Counseling Services,http://www.alladdictsanonymous.org
Equipos Veterinarios Miami/All  Veterinary Supply Inc,,(305) 599-6125,Livestock Equipment & Supplies,http://www.allvetsupply.com
All Star Quality Grooming - CLOSED,1470 W No Name Rd,(559) 681-5277,Pet Grooming,
All In One Real Estate Company - CLOSED,617 E Church St Ste 4,(618) 294-8472,Real Estate Consultants,http://allinonerealestateco.com
Glass America,1355 S Washington St,(800) 436-6093,"Glass-Auto, Plate, Window, Etc",https://www.glassusa.com/locations/IL/Du-Quoin?client=4100&campid=7&utm_source=yp&utm_medium=cpc&utm_campaign=yp.com
CS Plumbing & Heating INC,3917 State Route 13 127,(618) 318-4664,Heating Contractors & Specialties,
Career Management Resume Services,,(800) 958-4151,Resume Service,
Geeks on Site Computer Software,,(800) 533-3640,Computer Service & Repair-Business,
"InScope Communications, LLC",,(888) 223-8968,Telecommunications-Equipment & Supply,http://www.inscopecom.com
Glass America,,(800) 593-4576,Plate & Window Glass Repair & Replacement,https://www.glassusa.com/quick-quote/?client=4100&campid=7&utm_source=YP&utm_medium=IYP&utm_campaign=YP_National_Listing
MedPro Waste Disposal,,(888) 373-9384,Crime & Trauma Scene Clean Up,http://www.medprodisposal.com/wastedisposalmedical.php
Disabled American Veterans,,(877) 474-2190,Social Service Organizations,https://www.dav.org
Marine Machining & Manufacturing,,(855) 278-2638,Propellers,http://www.marinemachining.com
Geeks On Site,,(800) 531-2349,Computers & Computer Equipment-Service & Repair,
marinecoupling.com,,(844) 568-3059,Propellers,http://marinecoupling.com
"Harold's Steel Buildings, LLC",,(855) 421-5730,Metal Buildings,http://haroldssteelbuildings.com
